fiscalDateEnding,reportedDate,reportedEPS,estimatedEPS,surprise,surprisePercentage,prev_quarter_EPS,estimatedEPS_change,estimatedEPS_pct_change,as_of,garch_vol,atm_iv,iv_garch_spread,surprise_norm,garch_vol_lag1,atm_iv_lag1,iv_garch_spread_lag1,garch_vol_roll5_mean,garch_vol_roll5_std,garch_vol_roll10_mean,garch_vol_roll10_std,atm_iv_roll5_mean,atm_iv_roll5_std,atm_iv_roll10_mean,atm_iv_roll10_std,iv_garch_spread_roll5_mean,iv_garch_spread_roll5_std,iv_garch_spread_roll10_mean,iv_garch_spread_roll10_std,strike,call_ask,put_ask,straddle_cost,underlying,underlying_t1,abs_move,return,breakeven_pct,realized_vol
2010-01-31,2010-02-17,0.006,0.005,0.001,20.0,,,,2010-02-16,0.43000992027472695,,,0.2,,,,,,,,,,,,,,,,7.0,5.8,0.07,587.0,0.44725000858306885,0.3154262602329254,668.4573739767075,0.13876895055657149,13.124650390945158,5.543264015975611
2010-04-30,2010-05-13,0.006,0.005,0.001,20.0,0.006,-0.001,-0.16666666666666666,2010-05-12,0.3817418563526429,,,0.2,0.43000992027472695,,,,,,,,,,,,,,,7.0,5.8,0.07,587.0,0.36550000309944153,0.3154262602329254,668.4573739767075,0.13876895055657149,16.060191382277363,2.338971523043454
2010-07-31,2010-08-12,0.001,0.003,-0.002,-66.6667,0.006,-0.003,-0.5,2010-08-11,0.46330183966633315,,,-0.6666666666666666,0.3817418563526429,,,0.425017872097901,0.04100851287576973,,,,,,,,,,,7.0,5.8,0.07,587.0,0.21799999475479126,0.3154262602329254,668.4573739767075,0.13876895055657149,26.926606152457204,5.86451773339875
2010-10-31,2010-11-11,0.004,0.004,0.0,0.0,0.001,0.003,3.0,2010-11-10,0.4492022031442301,1.58069,1.1314877968557697,0.0,0.46330183966633315,,,0.4310639548594833,0.03559989540098478,,,,,,,,,,,7.0,5.8,0.07,587.0,0.3109999895095825,0.3154262602329254,668.4573739767075,0.13876895055657149,18.87459870740328,0.22433938186121405
2011-01-31,2011-02-16,0.006,0.004,0.002,50.0,0.004,0.0,0.0,2011-02-15,0.4790975184490172,0.01976,-0.4593375184490172,0.5,0.4492022031442301,1.58069,1.1314877968557697,0.44067066757739004,0.03757604370663247,0.44067066757739004,0.03757604370663247,,,,,,,,,10.0,12.65,0.01,1266.0,0.5712500214576721,0.5320528149604797,946.794718503952,-0.25213687321962713,22.1619247692896,1.1284269955248716
2011-04-30,2011-05-12,0.006,0.005,0.001,20.0,0.006,-0.001,-0.16666666666666666,2011-05-11,0.4339854892518643,0.01976,-0.4142254892518643,0.2,0.4790975184490172,0.01976,-0.4593375184490172,0.44146578137281756,0.037335356195654076,0.4395564711898024,0.03371966562786296,0.5400699999999999,0.9012033556861625,,,0.08597492971829607,0.9057216130285766,,,13.0,6.9,0.01,691.0,0.4950000047683716,0.4185817837715149,1258.1418216228485,0.820755168774021,13.959595825122141,2.661924473975826
2011-07-31,2011-08-11,0.006,0.006,0.0,0.0,0.006,0.0,0.0,2011-08-10,0.6982026283960723,0.01976,-0.6784426283960723,0.0,0.4339854892518643,0.01976,-0.4142254892518643,0.5047579357815034,0.10942245272359263,0.4765059222192695,0.1024907153259845,0.4099925,0.780465,,,-0.10512945981029602,0.8324489840183048,,,9.0,4999.5,4999.5,999900.0,0.3084999918937683,0.29525381326675415,870.4746186733246,-0.9991294383251592,32411.670219567288,0.6966757432455868
2011-10-31,2011-11-10,0.007,0.006,0.001,16.6667,0.006,0.0,0.0,2011-11-09,0.5347005735046662,0.01976,-0.5149405735046662,0.16666666666666666,0.6982026283960723,0.01976,-0.6784426283960723,0.5190376825491699,0.10729805502682047,0.48378025362994415,0.09709301183227957,0.33194599999999996,0.6980691176237493,0.33194599999999996,0.6980691176237493,-0.18709168254917005,0.7438531528644043,-0.18709168254917005,0.7438531528644043,5.0,9.4,0.05,945.0000000000001,0.36675000190734863,0.3433929979801178,465.6607002019882,-0.5072373542836104,25.766871031638974,1.0446198350509324
2012-01-31,2012-02-15,0.005,0.005,0.0,0.0,0.007,-0.002,-0.2857142857142857,2012-02-14,0.40829788052091726,0.01976,-0.38853788052091726,0.0,0.5347005735046662,0.01976,-0.5149405735046662,0.5108568180245074,0.11522062239225969,0.4753933232844967,0.09424296649567417,0.01976,0.0,0.27991499999999997,0.6372470040337578,-0.49109681802450755,0.11522062239226016,-0.2206660488777946,0.6703860371959308,6.0,10.25,0.02,1027.0,0.4097500145435333,0.36517027020454407,563.4829729795456,-0.45133108765380175,25.06406256370951,1.828481608570568
2012-04-30,2012-05-11,0.003,0.002,0.001,50.0,0.005,-0.003,-0.6,2012-05-10,0.2883048944798521,0.01976,-0.2685448944798521,0.5,0.40829788052091726,0.01976,-0.38853788052091726,0.47269829323067436,0.15357694145731263,0.4566844804040322,0.10674776398624607,0.01976,0.0,0.24275,0.5899760848542931,-0.45293829323067447,0.15357694145731296,-0.2275058839638028,0.612243428545716,5.0,8.95,0.09,903.9999999999999,0.3362500071525574,0.30281853675842285,469.7181463241577,-0.4804002806148697,26.884757792431902,1.6623977460516668
2012-07-31,2012-08-09,0.006,0.004,0.002,50.0,0.003,0.001,0.3333333333333333,2012-08-08,0.3487249456028262,7.90249,7.553765054397174,0.5,0.2883048944798521,0.01976,-0.2685448944798521,0.4556461845008668,0.1633710083361021,0.44855598293684223,0.11197160866846231,1.596306,3.5252640256553835,1.2002175,2.762661642157794,1.1406598154991332,3.5882575389308573,0.7451529833313193,2.8088815093236708,5.0,11.65,0.03,1168.0,0.35624998807907104,0.3351404666900635,466.48595333099365,-0.6006113413262041,32.78596600937311,0.969661780218999
2012-10-31,2012-11-08,0.008,0.007,0.001,14.2857,0.006,0.001,0.16666666666666666,2012-11-07,0.3925999631629934,0.01976,-0.3728399631629934,0.14285714285714285,0.3487249456028262,7.90249,7.553765054397174,0.394525651454251,0.09113581240297754,0.4496417936178772,0.11130235553043033,1.596306,3.5252640256553835,1.0690555555555556,2.6140185598906482,1.201780348545749,3.551944465486539,0.6209315448319512,2.6537647048652486,8.0,0.0,0.0,0.0,0.3187499940395355,0.2794366180896759,772.0563381910324,inf,0.0,2.0895865490615178
2013-01-31,2013-02-13,0.007,0.006,0.001,16.6667,0.008,-0.002,-0.25,2013-02-12,0.2670881402594042,0.01976,-0.2473281402594042,0.16666666666666666,0.3925999631629934,0.01976,-0.3728399631629934,0.3410031648051986,0.06223136831938063,0.4300204236771843,0.12507028558756036,1.5963059999999998,3.5252640256553835,0.964126,2.486757444684409,1.2553028351948015,3.521494687942815,0.5341055763228157,2.5170137567051727,5.0,7.65,0.02,767.0,0.3109999895095825,0.2897758185863495,471.02241814136505,-0.3858899372342046,24.66238025311468,1.1220942520514317
2013-04-30,2013-05-09,0.0045,0.002,0.0025,125.0,0.007,-0.005,-0.7142857142857143,2013-05-08,0.244771599058965,0.01976,-0.225011599058965,1.25,0.2670881402594042,0.01976,-0.2473281402594042,0.30829790851280814,0.06098102030256464,0.4095773632686578,0.13766028484111326,1.596306,3.5252640256553835,0.808033,2.4927380980139087,1.2880080914871919,3.5031225251733407,0.3984556367313422,2.517794638400545,8.0,7.5,0.86,836.0,0.3412500023841858,0.3375149369239807,766.2485063076019,-0.0834348010674618,24.498168327008983,0.1747082710560857
2013-07-31,2013-08-08,0.004,0.003,0.001,33.3333,0.0045,-0.0014999999999999996,-0.33333333333333326,2013-08-07,0.18971882821255007,0.01976,-0.16995882821255007,0.3333333333333333,0.244771599058965,0.01976,-0.225011599058965,0.28858069525934776,0.08153553601174168,0.3806394942450111,0.1511746256733315,1.596306,3.5252640256553835,0.808033,2.4927380980139087,1.3077253047406523,3.4924323974785394,0.427393505754989,2.5084860523757633,10.0,0.0,0.0,0.0,0.367000013589859,0.33806291222572327,966.1937087774277,inf,0.0,1.303771363833911
2013-10-31,2013-11-07,0.005,0.005,0.0,0.0,0.004,0.001,0.25,2013-11-06,0.1495091090317392,0.01976,-0.1297491090317392,0.0,0.18971882821255007,0.01976,-0.16995882821255007,0.2487375279451304,0.09270701142474153,0.3521918562229986,0.16605443743359746,0.01976,0.0,0.808033,2.4927380980139087,-0.22897752794513035,0.0927070114247404,0.45584114377700147,2.499478015596199,11.0,3.95,0.02,397.0,0.3712500035762787,0.3648572862148285,1063.5142713785172,1.6788772578803959,10.693602590590428,0.27573098328582674
2014-01-31,2014-02-12,0.006,0.005,0.001,20.0,0.005,0.0,0.0,2014-02-11,0.20805627773310723,0.01976,-0.18829627773310723,0.2,0.1495091090317392,0.01976,-0.1297491090317392,0.21182879085915313,0.046167221474816514,0.3031772211567021,0.1179425244875578,0.01976,0.0,0.808033,2.4927380980139087,-0.19206879085915313,0.046167221474813926,0.504855778843298,2.479489242913326,7.5,10.25,0.14,1039.0,0.4074999988079071,0.42223548889160156,707.7764511108398,-0.31879071115414837,25.496932589925674,0.5638983829140962
2014-04-30,2014-05-06,0.006,0.004,0.002,50.0,0.006,-0.002,-0.3333333333333333,2014-05-05,0.20649603836747482,0.01976,-0.18673603836747482,0.5,0.20805627773310723,0.01976,-0.18829627773310723,0.19971037048076729,0.03451887652242288,0.2703567676429829,0.08829641900194671,0.01976,0.0,0.808033,2.4927380980139087,-0.17995037048076729,0.0345188765224195,0.5376762323570171,2.466629390961329,10.0,10.25,0.02,1027.0,0.4702500104904175,0.4274573028087616,957.2542697191238,-0.06791210348673433,21.83944661540688,1.5145881221839566
2014-07-31,2014-08-07,0.006,0.005,0.001,20.0,0.006,-0.001,-0.16666666666666666,2014-08-06,0.22072721236778006,5.77571,5.55498278763222,0.2,0.20649603836747482,0.01976,-0.18673603836747482,0.19490149314253027,0.02766666839871206,0.25159970082766925,0.07459772491077726,1.17095,2.574139095017983,1.3836280000000003,2.9186571006611928,0.9760485068574697,2.5598108818334597,1.1320282991723307,2.897149819019936,10.0,9.75,0.12,986.9999999999999,0.44475001096725464,0.4520275890827179,954.7972410917282,-0.03262690872165317,22.19224228580557,0.25765698710123786
2014-10-31,2014-11-06,0.008,0.007,0.001,14.2857,0.006,0.001,0.16666666666666666,2014-11-05,0.2681767025716896,0.01976,-0.24841670257168957,0.14285714285714285,0.22072721236778006,5.77571,5.55498278763222,0.21059306801435818,0.04234692094018463,0.249586881636853,0.07376418612458654,1.17095,2.574139095017983,1.3836280000000003,2.9186571006611928,0.9603569319856419,2.5688167564303948,1.1340411183631471,2.8960754341441155,11.0,9.8,0.02,982.0,0.5042499899864197,0.47290515899658203,1052.7094841003418,0.07200558462356599,19.474467416974008,1.018783023686141
2015-01-31,2015-02-11,0.009,0.007,0.002,28.5714,0.008,-0.001,-0.125,2015-02-10,0.25029162863152005,0.01976,-0.23053162863152005,0.2857142857142857,0.2681767025716896,0.01976,-0.24841670257168957,0.23074957193431436,0.027323750068233503,0.23974354993972238,0.06512690649289751,1.17095,2.574139095017983,0.595355,1.8201912098046182,0.9402004280656856,2.579880378639926,0.3556114500602776,1.8280211573139973,12.0,9.05,0.01,906.0,0.5249999761581421,0.5353798270225525,1146.4620172977448,0.26541061511892355,17.257143640842603,0.310794843432486
2015-04-30,2015-05-07,0.006,0.006,0.0,0.0,0.009,-0.002999999999999999,-0.33333333333333326,2015-05-06,0.2848894370707294,0.01976,-0.2651294370707294,0.0,0.25029162863152005,0.01976,-0.23053162863152005,0.2461162038018388,0.03248777382220794,0.22897249733049593,0.041748636521004516,1.17095,2.574139095017983,0.5953550000000001,1.8201912098046182,0.9248337961981612,2.588496941966584,0.366382502669504,1.8235639645751869,12.0,11.85,0.13,1198.0,0.5502499938011169,0.5017884969711304,1149.821150302887,-0.040216068194585175,21.771922098976102,1.4635343624297388
2015-07-31,2015-08-06,0.004,0.003,0.001,33.3333,0.006,-0.003,-0.5,2015-08-05,0.2654238696945694,3.70747,3.4420461303054304,0.3333333333333333,0.2848894370707294,0.01976,-0.2651294370707294,0.25790177006725773,0.024136861767262794,0.22880607027401245,0.041582797182857,1.908492,2.6876394199873612,0.9641259999999999,2.049712555106203,1.6505902299327424,2.705014977158686,0.7353199297259876,2.0453303873936397,12.0,8.9,0.01,891.0,0.5132499933242798,0.5561438202857971,1144.3856179714203,0.2843834096200003,17.35996125843204,1.2741497133129591
2015-10-31,2015-11-05,0.011,0.006,0.005,83.3333,0.004,0.002,0.5,2015-11-04,0.3515145808331914,0.01976,-0.3317545808331914,0.8333333333333334,0.2654238696945694,3.70747,3.4420461303054304,0.28405924376034,0.039656953467245515,0.23948036845143514,0.056984632657916624,0.7573019999999999,1.6491940482611496,0.964126,2.049712555106203,0.47324275623966,1.660052592668782,0.7246456315485649,2.0511693007174987,14.0,14.45,0.01,1446.0,0.7042499780654907,0.766760528087616,1323.3239471912384,-0.08483821079444094,20.532482002655186,1.3499865329908969
2016-01-31,2016-02-17,0.009,0.008,0.001,12.5,0.011,-0.002999999999999999,-0.27272727272727265,2016-02-16,0.38130047464412725,0.01976,-0.36154047464412725,0.125,0.3515145808331914,0.01976,-0.3317545808331914,0.30668399817482744,0.056865851222017705,0.25863853309459284,0.06927530756260063,0.757302,1.6491940482611496,0.964126,2.049712555106203,0.4506180018251724,1.6730667733399558,0.7054874669054072,2.0613229912146185,15.0,13.0,0.01,1301.0,0.6832500100135803,0.7425934672355652,1425.7406532764435,0.09588059437082512,19.041346226605125,1.3221545045128456
2016-04-30,2016-05-12,0.008,0.008,0.0,0.0,0.009,-0.0009999999999999992,-0.11111111111111102,2016-05-11,0.3564143663642626,2.18556,1.8291456336357377,0.0,0.38130047464412725,0.01976,-0.36154047464412725,0.327908545721376,0.0499387205122137,0.27932905882784514,0.0637368879458012,1.1904620000000001,1.6909449148390374,1.180706,2.0532602513358005,0.8625534542786241,1.7164301063450333,0.9013769411721547,2.0662024463461504,26.0,10.9,0.15,1105.0,0.9079999923706055,1.0033622980117798,2499.663770198822,1.2621391585509703,12.169603626483159,1.5853484765022932
2016-07-31,2016-08-11,0.01,0.009,0.001,11.1111,0.008,0.0009999999999999992,0.12499999999999989,2016-08-10,0.3490021783430355,0.01976,-0.3292421783430355,0.11111111111111112,0.3564143663642626,2.18556,1.8291456336357377,0.34073109397583723,0.044010544574509224,0.293423648888838,0.06177870680750208,1.1904620000000001,1.6909449148390374,1.1807060000000003,2.0532602513358005,0.8497309060241628,1.7271664133520708,0.8872823511111619,2.074923882464888,37.0,22.05,0.3,2235.0,1.4704999923706055,1.5474913120269775,3545.2508687973022,0.5862419994618802,15.198912013572592,0.8101180060426003
2016-10-31,2016-11-10,0.021,0.014,0.007,50.0,0.01,0.004,0.4,2016-11-09,0.34583019775532947,1.83435,1.4885198022446704,0.5,0.3490021783430355,0.01976,-0.3292421783430355,0.35681235958798924,0.014225851880831324,0.3073570648276235,0.05537559995077645,0.8158380000000001,1.0971241495017778,1.362165,2.019160444740723,0.4590256404120108,1.1019432025579505,1.0548079351723765,2.046001651480956,54.0,16.9,0.13,1702.9999999999998,1.78725004196167,2.163447380065918,5183.655261993408,2.04383749970253,9.528605175640685,3.0324248422477846
2017-01-31,2017-02-09,0.025,0.021,0.004,19.0476,0.021,0.0,0.0,2017-02-08,0.3120464494432042,3.37577,3.063723550556796,0.19047619047619047,0.34583019775532947,1.83435,1.4885198022446704,0.3489187333099918,0.02486902199129532,0.3164889885351659,0.04628588975538724,1.4870400000000001,1.4561659105507174,1.122171,1.5162942598867657,1.1381212666900082,1.4756675424452115,0.8056820114648341,1.521645155348397,75.0,45.75,0.14,4589.0,2.9714999198913574,2.798440456390381,7220.155954360962,0.5733615067249862,15.44337918127146,0.9525429663508872
2017-04-30,2017-05-09,0.02,0.016,0.004,25.0,0.025,-0.009000000000000001,-0.36000000000000004,2017-05-08,0.2928659120462741,0.01976,-0.2731059120462741,0.25,0.3120464494432042,3.37577,3.063723550556796,0.3312318207904212,0.02740018360627718,0.3189579094826243,0.04402583758477147,1.48704,1.4561659105507174,1.122171,1.5162942598867657,1.155808179209579,1.4535638496911152,0.8032130905173757,1.5235643201399194,80.0,23.9,0.12,2402.0,2.575000047683716,3.153883695602417,7684.611630439758,2.1992554664611816,9.328155167067534,3.219113030504651
2017-07-31,2017-08-10,0.023,0.017,0.006,35.2941,0.02,-0.002999999999999999,-0.14999999999999997,2017-08-09,0.42718371616291106,0.01976,-0.40742371616291106,0.3529411764705882,0.2928659120462741,0.01976,-0.2731059120462741,0.34538569075015085,0.051415040835442266,0.33664711823576343,0.04866341931850846,1.0538800000000001,1.5172770936944904,1.1221710000000003,1.5162942598867657,0.7084943092498492,1.5363311492318672,0.7855238817642365,1.5378599268206894,110.0,62.75,0.03,6278.0,4.303999900817871,3.8501663208007812,10614.983367919922,0.6908224542720487,14.586431562898081,1.768871841634733
2017-10-31,2017-11-09,0.033,0.024,0.009,37.5,0.023,0.0010000000000000009,0.04347826086956526,2017-11-08,0.3544772657859428,0.01976,-0.3347172657859428,0.37499999999999994,0.42718371616291106,0.01976,-0.40742371616291106,0.34648070823873234,0.05156939047065913,0.3436059011072848,0.04529896421365615,1.0538800000000001,1.5172770936944904,1.1221710000000003,1.5162942598867657,0.7073992917612678,1.5372573774169191,0.7785650988927151,1.5432902073306276,125.0,86.05,0.03,8608.0,5.131750106811523,5.340523719787598,11965.94762802124,0.39009614637793216,16.774004619933358,0.6330272834878685
2018-01-31,2018-02-08,0.039,0.029,0.01,34.4828,0.033,-0.004,-0.12121212121212122,2018-02-07,0.8073849505929874,2.71237,1.9049850494070126,0.3448275862068965,0.3544772657859428,0.01976,-0.3347172657859428,0.4387916588062639,0.21240488907798002,0.3978020091971266,0.14835181937792183,1.229484,1.673005600059366,1.022661,1.3514713826168208,0.7906923411937361,1.600157391656385,0.6248589908028734,1.3069955793499812,162.5,68.6,0.15,6875.0,5.8470001220703125,5.738360404968262,15676.163959503174,1.2801693032004617,11.758166335672474,0.29772963783377926
2018-04-30,2018-05-10,0.051,0.04,0.011,27.5,0.039,0.0010000000000000009,0.025641025641025664,2018-05-09,0.4007756567660788,2.40019,1.999414343233921,0.27499999999999997,0.8073849505929874,2.71237,1.9049850494070126,0.45653750027083884,0.2026509569957174,0.4027281167904153,0.14745922675994472,1.0343680000000002,1.39368653475952,1.260704,1.3647712512375265,0.5778304997291611,1.2559659523658824,0.8579758832095846,1.3251832173606304,155.0,101.1,0.35,10144.999999999998,6.447999954223633,6.297365188598633,14870.263481140137,0.4657726447649226,15.733560905742129,0.37525235159827935
2018-07-31,2018-08-16,0.049,0.044,0.005,11.3636,0.051,-0.006999999999999999,-0.1372549019607843,2018-08-15,0.3573982586734109,0.01976,-0.3376382586734109,0.11363636363636365,0.4007756567660788,2.40019,1.999414343233921,0.46944396959626616,0.19136154078434958,0.4003378951933437,0.14803773265469797,1.0343680000000002,1.39368653475952,1.260704,1.3647712512375265,0.5649240304037338,1.2671778959545306,0.8603661048066561,1.3227585205745624,170.0,90.1,0.04,9014.0,6.547500133514404,6.060874938964844,16393.912506103516,0.8187167191151005,13.767086393569402,1.22597472958012
2018-10-31,2018-11-15,0.046,0.047,-0.001,-2.1277,0.049,-0.0020000000000000018,-0.040816326530612276,2018-11-14,0.768112663042974,3.72698,2.9588673369570264,-0.02127659574468085,0.3573982586734109,0.01976,-0.3376382586734109,0.5376297589722788,0.22948175702340898,0.4415077248612148,0.18667142474267145,1.7758119999999997,1.6764160127993288,1.414846,1.5546691766574934,1.2381822410277212,1.495165593158331,0.9733382751387852,1.4562034910812984,115.0,84.8,0.06,8486.0,4.923749923706055,4.072929859161377,11092.707014083862,0.30717735259060364,17.234831442480484,3.0115181573637857
2019-01-31,2019-02-14,0.02,0.019,0.001,5.2632,0.046,-0.027,-0.5869565217391305,2019-02-13,0.47942599719713624,0.01976,-0.45966599719713624,0.052631578947368425,0.768112663042974,3.72698,2.9588673369570264,0.5626195052545175,0.21057535008540118,0.4545501067466248,0.18402761547809884,1.7758120000000002,1.6764160127993288,1.414846,1.5546691766574934,1.2131924947454826,1.5286950274883433,0.960295893253375,1.4696878669531575,40.0,113.3,0.02,11332.0,3.821000099182129,3.901210308074951,3609.878969192505,-0.6814437902230405,29.6571570422769,0.3297872809275454
2019-04-30,2019-05-16,0.022,0.02,0.002,10.0,0.02,0.0,0.0,2019-05-15,0.5711182287156052,0.01976,-0.5513582287156052,0.1,0.47942599719713624,0.01976,-0.45966599719713624,0.515366160879041,0.16306871599861564,0.47707890984265255,0.18302644256011477,1.2372900000000002,1.7319086731695756,1.233387,1.6053374132772764,0.721923839120959,1.6413387679922018,0.7563080901573475,1.5286090003929218,65.0,94.85,0.04,9489.0,3.9839999675750732,3.8851261138916016,6111.48738861084,-0.3559397841067721,23.817771278185113,0.3989404561108331
2019-07-31,2019-08-15,0.031,0.029,0.002,6.8966,0.022,0.007000000000000003,0.31818181818181834,2019-08-14,0.4454801531864786,0.01976,-0.4257201531864786,0.06896551724137931,0.5711182287156052,0.01976,-0.5513582287156052,0.524307060163121,0.15630018920977867,0.49042228021698,0.17431466477263172,0.761204,1.657919185509354,0.897786,1.4510830881578687,0.23689693983687912,1.5235502194784682,0.40736371978302,1.3285418995505713,55.0,95.5,0.01,9551.0,3.770750045776367,3.964852809906006,5103.514719009399,-0.46565650518171925,25.329178237889604,0.7968177355088747
2019-10-31,2019-11-14,0.045,0.039,0.006,15.3846,0.031,0.008,0.25806451612903225,2019-11-13,0.31197065152829206,0.01976,-0.29221065152829206,0.15384615384615385,0.4454801531864786,0.01976,-0.4257201531864786,0.5152215387340973,0.1692147049661094,0.49233275416518174,0.1719981870908764,0.7612040000000001,1.657919185509354,0.897786,1.4510830881578687,0.24598246126590287,1.519397290087945,0.40545324583481823,1.3296424369731727,80.0,128.7,0.05,12875.0,5.223249912261963,5.078869342803955,7492.1130657196045,-0.41808830557517634,24.649404520689295,0.44498039716315396
2020-01-31,2020-02-13,0.0473,0.05,-0.0027,-5.4,0.045,0.0050000000000000044,0.11111111111111122,2020-02-12,0.3344456594724946,1.99044,1.6559943405275055,-0.054,0.31197065152829206,0.01976,-0.29221065152829206,0.4284881380200014,0.10682585042781997,0.48305894849614006,0.17828637701584923,0.4138960000000001,0.8813148883798569,1.094854,1.452407361721298,-0.014592138020001321,0.9385049337172541,0.6117950515038599,1.349438391755809,185.0,88.15,0.09,8824.0,6.755249977111816,7.213340759277344,17778.665924072266,1.014808014967392,13.06243296679995,1.041561667957601
2020-04-30,2020-05-21,0.045,0.042,0.003,7.1429,0.0473,-0.005299999999999999,-0.11205073995771668,2020-05-20,0.4614791574785187,0.01976,-0.4417191574785187,0.07142857142857142,0.3344456594724946,1.99044,1.6559943405275055,0.4248987700762779,0.10497186924921047,0.4937591376653977,0.17283961346164484,0.4138960000000001,0.8813148883798569,1.094854,1.452407361721298,-0.011002770076277812,0.9364091487250674,0.6010948623346023,1.3581735055075668,130.0,230.85,0.02,23087.0,9.05150032043457,8.992491722106934,12100.750827789307,-0.4758630039507382,25.506268776104484,0.10382799942296012
2020-07-31,2020-08-19,0.055,0.049,0.006,12.2449,0.045,0.0040000000000000036,0.08888888888888898,2020-08-18,0.511843139113383,4.56599,4.054146860886617,0.12244897959183673,0.4614791574785187,0.01976,-0.4417191574785187,0.4130437521558334,0.08595472544849612,0.4642049565174372,0.13420265445907284,1.323142,2.0036069777828187,1.280216,1.7661703928506505,0.9100982478441667,1.9684238904279527,0.8160110434825627,1.711505713793576,155.0,336.4,0.01,33641.0,12.296500205993652,12.641831398010254,14235.816860198975,-0.5768313409173635,27.358190896953307,0.43966960111878084
2020-10-31,2020-11-18,0.073,0.064,0.009,14.0625,0.055,0.009000000000000001,0.16363636363636366,2020-11-17,0.5480440770427855,2.63433,2.0862859229572144,0.140625,0.511843139113383,4.56599,4.054146860886617,0.4335565369270948,0.10561954745702465,0.47893179854510787,0.13454866755902792,1.8460560000000001,1.917744623387066,1.30363,1.7841282190968721,1.4124994630729053,1.8598213752178774,0.8246982014548921,1.7183864042098105,240.0,298.55,0.02,29857.0,13.465250015258789,13.04865550994873,22695.134449005127,-0.23987224272347768,22.173372173681233,0.4988911982900292
2021-01-31,2021-02-24,0.0775,0.08,-0.0025,-3.125,0.073,0.007000000000000006,0.0958904109589042,2021-02-23,0.4529994282989066,0.01976,-0.4332394282989066,-0.03125,0.5480440770427855,2.63433,2.0862859229572144,0.4617622922812177,0.08099233071919353,0.48849191550765747,0.1282004609224912,1.8460560000000001,1.917744623387066,1.30363,1.7841282190968721,1.3842937077187822,1.892913088865453,0.8151380844923425,1.7258213369292292,265.0,302.45,0.01,30245.999999999996,14.122750282287598,13.677573204040527,25132.242679595947,-0.16907218542630595,21.416508396338195,0.5084524418353208
2021-04-30,2021-05-26,0.0915,0.0822,0.0093,11.3139,0.0775,0.004699999999999996,0.060645161290322526,2021-05-25,0.48130039864631186,0.01976,-0.46154039864631186,0.11313868613138686,0.4529994282989066,0.01976,-0.4332394282989066,0.4911332401159811,0.03904478284076326,0.45981068906799116,0.08270164017477151,1.45192,2.0765820577212932,0.9329080000000001,1.6003253301598115,0.9607867598840191,2.0474967330879297,0.4730973109320087,1.5871199463409829,280.0,347.5,0.02,34752.0,15.73425006866455,16.206350326538086,26379.36496734619,-0.24092527142765333,22.086848657128016,0.4693027049243928
2021-07-31,2021-08-18,0.104,0.102,0.002,1.9608,0.0915,0.010499999999999995,0.11475409836065568,2021-08-17,0.34555068843165104,4.07819,3.732639311568349,0.019607843137254905,0.48130039864631186,0.01976,-0.46154039864631186,0.4679475463066076,0.07701463013458952,0.44642315819144274,0.0897121193293589,2.2636060000000002,2.1679952262470508,1.338751,1.8397235494101942,1.7956584536933924,2.179452998027505,0.8923278418085573,1.845943655134764,75.0,119.85,0.01,11986.0,19.5,20.77187728881836,5422.812271118164,-0.5475711437411844,6.1466666666666665,1.003039556020336
2021-10-31,2021-11-17,0.117,0.111,0.006,5.4054,0.104,0.007000000000000006,0.06730769230769237,2021-11-16,0.42642647272516426,0.01976,-0.40666647272516426,0.05405405405405406,0.34555068843165104,4.07819,3.732639311568349,0.45086421302896384,0.07426807544832544,0.4319539825923986,0.07830979474890298,1.3543600000000002,1.8974354106134945,1.338751,1.8397235494101942,0.9034957869710363,1.9215719840196528,0.9067970174076013,1.8338979430567774,90.0,212.35,0.01,21236.0,30.417999267578125,32.92088317871094,5707.911682128906,-0.7312153097509462,6.98139276459086,1.25524002523408
2022-01-31,2022-02-16,0.132,0.123,0.009,7.3171,0.117,0.0059999999999999915,0.051282051282051204,2022-02-15,0.5871615665150658,4.39038,3.8032184334849344,0.07317073170731707,0.42642647272516426,0.01976,-0.40666647272516426,0.45868771092341987,0.08787774906687189,0.44612212392525735,0.09255082094025174,1.7055700000000003,2.311027718829872,1.775813,2.003433581002874,1.2468822890765803,2.301607211866029,1.3296908760747426,1.974670094598939,100.0,165.85,0.01,16586.0,26.259000778198242,23.59893798828125,7640.106201171875,-0.5393641504177092,6.316310411084137,1.6955102528194743
2022-04-30,2022-05-25,0.136,0.13,0.006,4.6154,0.132,-0.0020000000000000018,-0.015151515151515164,2022-05-24,0.7483534449518559,3.60991,2.8615565550481445,0.046153846153846156,0.5871615665150658,4.39038,3.8032184334849344,0.5177585142540098,0.15597842559521696,0.48976040326761366,0.12082818367602481,2.4236000000000004,2.2119062222323085,2.1348279999999997,1.9752633294424313,1.9058414857459904,2.1681104051957862,1.6450675967323865,1.9383647454140978,90.0,73.75,0.05,7380.0,16.020000457763672,18.779935836791992,7122.006416320801,-0.03495848017333323,4.606741441398322,2.523270280766776
2022-07-31,2022-08-24,0.051,0.0499,0.0011,2.2044,0.136,-0.08610000000000001,-0.6330882352941177,2022-08-23,0.5873334061684292,0.01976,-0.5675734061684292,0.022044088176352707,0.7483534449518559,3.60991,2.8615565550481445,0.5389651157584333,0.15698721974977164,0.5150491779372073,0.11075380592711478,2.4236000000000004,2.2119062222323085,1.9377600000000001,2.0864455093025764,1.8846348842415668,2.197376080563548,1.4227108220627929,2.060651365141929,80.0,93.4,0.01,9341.000000000002,17.011999130249023,16.236581802368164,6376.341819763184,-0.3173812418624149,5.490830283074008,0.7405790305817549
2022-10-31,2022-11-16,0.058,0.071,-0.013,-18.3099,0.051,0.019999999999999997,0.392156862745098,2022-11-15,0.6851219055875986,9.99024,9.305118094412402,-0.18309859154929578,0.5873334061684292,0.01976,-0.5675734061684292,0.6068793591896228,0.12193327362733863,0.5374134527481151,0.12085391892068649,3.6060100000000004,4.095608084424095,2.9348080000000003,3.1693314538095674,2.9991306408103773,4.023424949893117,2.397394547251885,3.115779161605299,35.0,135.35,0.01,13535.999999999998,16.16200065612793,15.391379356384277,1960.8620643615723,-0.8551372588385363,8.375200748966517,0.7755534914023688
2023-01-31,2023-02-22,0.088,0.081,0.007,8.642,0.058,0.023,0.396551724137931,2023-02-21,0.6287591744783876,0.01976,-0.6089991744783876,0.08641975308641975,0.6851219055875986,9.99024,9.305118094412402,0.6473458995402674,0.06927963357632914,0.5491050562846157,0.12372653154476945,3.6060100000000004,4.095608084424095,2.480185,3.234740006396702,2.9586641004597323,4.0670244771410795,1.9310799437153843,3.18837820044499,70.0,137.45,0.01,13745.999999999998,20.707000732421875,23.26531982421875,4673.468017578125,-0.6600125114521952,6.638334627804051,1.8492530034481336
2023-04-30,2023-05-24,0.109,0.092,0.017,18.4783,0.088,0.0040000000000000036,0.0454545454545455,2023-05-23,0.3995586962103098,8.39028,7.990721303789691,0.1847826086956522,0.6287591744783876,0.01976,-0.6089991744783876,0.6098253254793162,0.13222712213929338,0.5342565182013681,0.13246906925153648,4.40599,4.641394872740307,3.05578,3.7381554032347735,3.7961646745206834,4.670761287227433,2.5215234817986323,3.7223160165225635,70.0,239.55,0.01,23956.0,30.209999084472656,38.91801834106445,3108.1981658935547,-0.8702538751922877,7.929824801720339,4.02076479888286
2023-07-31,2023-08-23,0.27,0.207,0.063,30.4348,0.109,0.09799999999999999,0.8990825688073394,2023-08-22,0.5156539874559332,8.09761,7.581956012544066,0.30434782608695654,0.3995586962103098,8.39028,7.990721303789691,0.5632854339801316,0.11043600050899967,0.5405219741170708,0.1296504998009466,5.30353,4.876899887705304,3.863565,3.8793143525750065,4.740244566019868,4.905770416546548,3.3230430258829293,3.875188117148368,70.0,388.95,0.01,38896.0,45.86600112915039,45.98970031738281,2401.0299682617188,-0.9382705170644354,8.480355610351964,0.042755428194099485
2023-10-31,2023-11-21,0.402,0.336,0.066,19.6429,0.27,0.066,0.24444444444444444,2023-11-20,0.5260612733818772,0.01976,-0.5063012733818772,0.19642857142857142,0.5156539874559332,8.09761,7.581956012544066,0.5510310074228213,0.11049990853879474,0.5449980615906272,0.12814264281196863,5.30353,4.876899887705304,3.8635650000000004,3.8793143525750065,4.752498992577179,4.889245705721399,3.318566938409373,3.8800680435197825,70.0,434.5,0.01,43451.0,50.125999450683594,47.750553131103516,2224.9446868896484,-0.9487941661437101,8.66835583852033,0.7706942419758177
2024-01-31,2024-02-21,0.516,0.461,0.055,11.9306,0.402,0.059,0.14676616915422883,2024-02-20,0.3325738828123708,0.01976,-0.3128138828123708,0.11930585683297179,0.5260612733818772,0.01976,-0.5063012733818772,0.4805214028677757,0.11589439567793232,0.5437003810286992,0.13043208938955111,3.309434000000001,4.505759940385196,3.4577220000000004,4.062339312319661,2.828912597132224,4.52904584374977,2.914021618971301,4.039709199996427,250.0,447.05,0.01,44706.0,68.00599670410156,78.78194427490234,17121.805572509766,-0.617013251632672,6.573832039330099,2.334948802317831
2024-04-30,2024-05-22,0.612,0.559,0.053,9.4812,0.516,0.04300000000000004,0.08333333333333341,2024-05-21,0.44454482704501186,0.01976,-0.42478482704501186,0.09481216457960642,0.3325738828123708,0.01976,-0.3128138828123708,0.4436785333811006,0.08102304566295125,0.545512216460684,0.1287368531900182,3.3094340000000004,4.505759940385196,3.4577219999999995,4.062339312319661,2.865755466618899,4.494706542498268,2.912209783539316,4.041367755805384,260.0,695.1,0.01,69511.0,95.45899963378906,106.42664337158203,15357.335662841797,-0.7790661094957374,7.281764974142427,1.7264975233440325
2024-07-31,2024-08-28,0.68,0.63,0.05,7.9365,0.612,0.018000000000000016,0.02941176470588238,2024-08-27,0.5094684106732853,1.48313,0.9736615893267148,0.07936507936507937,0.44454482704501186,0.01976,-0.42478482704501186,0.46566047627369567,0.0809701404368917,0.5377429008765059,0.12828763742839608,1.9280040000000003,3.5066414331137423,3.166997,4.092097513786108,1.4623435237263038,3.474063421044512,2.6292540991234943,4.070999243054404,128.0,7.15,6.7,1385.0000000000002,128.1199951171875,119.33230590820312,866.7694091796875,-0.37417371178361924,0.10810178370153561,1.127966309789865
2024-10-31,2024-11-20,0.81,0.74,0.07,9.4595,0.68,0.05999999999999994,0.08823529411764697,2024-11-19,0.42970540737810303,1.13192,0.702214592621897,0.0945945945945946,0.5094684106732853,1.48313,0.9736615893267148,0.4484707602581297,0.07671479437657233,0.5058780971191307,0.10815683200970441,0.5348660000000004,0.7161844501104454,2.919198,4.137077357901617,0.08639523974187,0.6961388495420769,2.413319902880869,4.11434556143455,147.0,6.1,6.05,1214.9999999999998,147.41000366210938,141.91729736328125,508.270263671875,-0.5816705648791152,0.08242317141413288,0.602808559252354
2025-01-31,2025-02-26,0.89,0.8459,0.0441,5.2134,0.81,0.03589999999999993,0.0443209876543209,2025-02-25,0.542269600632629,1.46362,0.921350399367371,0.05213382196477125,0.42970540737810303,1.13192,0.702214592621897,0.45171242570828,0.08103399203312762,0.5013717165655506,0.10528659421476336,0.8236380000000004,0.746991319842474,3.063584,4.0488979984358435,0.3719255742917197,0.6849562565490063,2.562212283434449,4.020352572428276,127.0,6.65,7.0,1365.0,129.99000549316406,124.89983367919922,210.01663208007812,-0.8461416614797962,0.10500807310695766,0.634114855208257
2025-04-30,2025-05-28,0.96,0.93,0.03,3.2258,0.89,0.040000000000000036,0.04494382022471914,2025-05-27,0.4744054355535988,0.95632,0.48191456444640113,0.03225806451612903,0.542269600632629,1.46362,0.921350399367371,0.4800787362565256,0.04627033034564866,0.4803000695621506,0.08319342092291547,1.0109500000000005,0.5974821911990362,2.160192,3.263314643840933,0.530871263743474,0.5686763329008172,1.6798919304378495,3.2752452161032006,135.0,5.0,4.45,944.9999999999999,136.02999877929688,135.12062072753906,12.06207275390625,-0.9872359018477183,0.06946997048299793,0.10647944073988752
